{"0": [0.0, -2.017013289182932], "1": [-5.159065442497125, -1.003373622453851], "2": [-4.7097332148356505, -0.001142347535922785], "3": [-3.3588136215376148, 1.0], "4": [0.0, 0.0]}