{"(0, 1)": -2.355242399999648, "(2, 0)": -2.716977272727302, "(2, 1)": -0.1260864086408655, "(1, 0)": -3.771418604651175, "(1, 1)": -1.2523463999998345, "(3, 0)": -1.3270848708487226, "(3, 1)": 0.9989999999998423}