{"3": [-1.1111111111111112, 1.0], "2": [-1.1111111111111112, -1.1111111111111112], "1": [-1.1111111111111112, -1.1111111111111112], "0": [0.0, -1.1111111111111112]}