{"0": [0.0, 0.752838609248867], "1": [0.57791279584501, 0.5313052219730252], "2": [0.2086621471425515, 0.03191348455796894], "3": [0.4873524493846908, 0.8314496997720437]}