{"3": {"0": 0.05, "1": 0.9500000000000001}, "2": {"0": 0.9500000000000001, "1": 0.05}, "1": {"0": 0.9500000000000001, "1": 0.05}, "0": {"0": 0.9500000000000001, "1": 0.05}}