{"0": [0.0, -1.9989999999999988], "1": [-0.9999999999999996, -1.0009990000000015], "2": [-1.9989999999999988, -0.0010000000000004458], "3": [-1.0009989999999993, 0.9999999999999996], "4": [0.0, 0.0]}